<?xml version="1.0" encoding="UTF-8" ?>
<ruleset
  name="Apex Only Scan"
  xmlns="http://pmd.sourceforge.net/ruleset/2.0.0"
  xmlns:xsi="http://www.w3.org/2001/XMLSchema-instance"
  xsi:schemaLocation="http://pmd.sourceforge.net/ruleset/2.0.0 https://pmd.sourceforge.io/ruleset_2_0_0.xsd"
>
    <description>Apex-only PMD ruleset derived from full_scan.xml, excluding XML rules.</description>

    <rule ref="category/apex/performance.xml/OperationWithLimitsInLoop" />
    <rule ref="category/apex/bestpractices.xml/ApexUnitTestClassShouldHaveAsserts" />
    <rule ref="category/apex/errorprone.xml/AvoidDirectAccessTriggerMap" />
    <rule ref="category/apex/errorprone.xml/AvoidHardcodingId" />
    <rule ref="category/apex/errorprone.xml/InaccessibleAuraEnabledGetter" />
    <rule ref="category/apex/errorprone.xml/TestMethodsMustBeInTestClasses" />
    <rule ref="category/apex/security.xml/ApexSOQLInjection" />
    <rule ref="category/apex/security.xml/ApexXSSFromURLParam" />
    <rule ref="category/apex/security.xml/ApexBadCrypto" />
    <rule ref="category/apex/security.xml/ApexDangerousMethods" />
    <rule ref="category/apex/errorprone.xml/ApexCSRF" />
    <rule ref="category/apex/errorprone.xml/EmptyCatchBlock" />
    <rule ref="category/apex/errorprone.xml/EmptyIfStmt" />
    <rule ref="category/apex/errorprone.xml/EmptyWhileStmt" />
    <rule ref="category/apex/errorprone.xml/EmptyStatementBlock" />
    <rule ref="category/apex/errorprone.xml/OverrideBothEqualsAndHashcode" />
    <rule ref="category/apex/security.xml/ApexSharingViolations" />
    <rule ref="category/apex/security.xml/ApexInsecureEndpoint" />
    <rule ref="category/apex/security.xml/ApexCRUDViolation" />
    <rule ref="category/apex/bestpractices.xml/AvoidLogicInTrigger" />
    <rule ref="category/apex/codestyle.xml/ClassNamingConventions" />
    <rule ref="category/apex/codestyle.xml/FieldDeclarationsShouldBeAtStart" />
    <rule ref="category/apex/codestyle.xml/MethodNamingConventions" />
    <rule ref="category/apex/codestyle.xml/PropertyNamingConventions" />
    <rule ref="category/apex/codestyle.xml/IfStmtsMustUseBraces" />
    <rule ref="category/apex/codestyle.xml/WhileLoopsMustUseBraces" />
    <rule ref="category/apex/codestyle.xml/IfElseStmtsMustUseBraces" />
    <rule ref="category/apex/codestyle.xml/ForLoopsMustUseBraces" />
    <rule ref="category/apex/codestyle.xml/OneDeclarationPerLine" />
    <rule ref="category/apex/design.xml/ExcessiveClassLength" />
    <rule ref="category/apex/design.xml/ExcessiveParameterList" />
    <rule ref="category/apex/design.xml/AvoidDeeplyNestedIfStmts" />
    <rule ref="category/apex/design.xml/CyclomaticComplexity" />
    <rule ref="category/apex/errorprone.xml/AvoidNonExistentAnnotations" />
    <rule ref="category/apex/errorprone.xml/MethodWithSameNameAsEnclosingClass" />
    <rule ref="category/apex/errorprone.xml/EmptyTryOrFinallyBlock" />
    <rule ref="category/apex/security.xml/ApexXSSFromEscapeFalse" />
    <rule ref="category/apex/design.xml/CognitiveComplexity" />
    <rule ref="category/apex/bestpractices.xml/ApexAssertionsShouldIncludeMessage" />
    <rule ref="category/apex/bestpractices.xml/ApexUnitTestMethodShouldHaveIsTestAnnotation" />
    <rule ref="category/apex/bestpractices.xml/AvoidGlobalModifier" />
    <rule ref="category/apex/bestpractices.xml/ApexUnitTestShouldNotUseSeeAllDataTrue" />
    <rule ref="category/apex/bestpractices.xml/UnusedLocalVariable" />
    <rule ref="category/apex/bestpractices.xml/DebugsShouldUseLoggingLevel" />
    <rule ref="category/apex/codestyle.xml/FieldNamingConventions" />
    <rule ref="category/apex/codestyle.xml/FormalParameterNamingConventions" />
    <rule ref="category/apex/codestyle.xml/LocalVariableNamingConventions" />
    <rule ref="category/apex/design.xml/ExcessivePublicCount" />
    <rule ref="category/apex/design.xml/NcssConstructorCount" />
    <rule ref="category/apex/design.xml/NcssMethodCount" />
    <rule ref="category/apex/design.xml/NcssTypeCount" />
    <rule ref="category/apex/design.xml/TooManyFields" />
    <rule ref="category/apex/documentation.xml/ApexDoc" />
    <rule ref="category/apex/performance.xml/AvoidDebugStatements" />
</ruleset>



